case,group,item_nbr,date,fact_block,old_sentence,raw_llm_output,l1_pass,shown_text,harry_faithful,harry_usable,harry_direction,harry_note
12,a,617096,2017-06-11,"{""sku_name"": ""item 617096"", ""abstain"": false, ""recommend_cases"": 4, ""weekday"": ""Sunday"", ""weekday_avg"": 37.5, ""last_same_weekday"": 51.0}","ORDER 4 cases. Recent average 25.4, lower than last week's 51.0.","ORDER 4 cases. Sundays have averaged 37.5, lower than last Sunday's 51.0.",True,"ORDER 4 cases. Sundays have averaged 37.5, lower than last Sunday's 51.0.",yes,yes,yes,order is in cases but the reason is in units (no unit named) - could confuse the manager
15,a,882624,2017-07-22,"{""sku_name"": ""item 882624"", ""abstain"": false, ""recommend_cases"": 3, ""weekday"": ""Saturday"", ""weekday_avg"": 34.5, ""last_same_weekday"": 34.0}","ORDER 3 cases. Recent average 19, lower than last week's 34.","ORDER 3 cases. Saturdays have averaged 34.5, about the same as last Saturday's 34.0.",True,"ORDER 3 cases. Saturdays have averaged 34.5, about the same as last Saturday's 34.0.",yes,yes,yes,order is in cases but the reason is in units (no unit named) - could confuse the manager
17,a,557256,2017-07-13,"{""sku_name"": ""item 557256"", ""abstain"": false, ""recommend_cases"": 4, ""weekday"": ""Thursday"", ""weekday_avg"": 39.5, ""last_same_weekday"": 37.0}","ORDER 4 cases. Recent average 63.6, higher than last week's 37.0.","ORDER 4 cases. Thursdays have averaged 39.5, higher than last Thursday's 37.0.",True,"ORDER 4 cases. Thursdays have averaged 39.5, higher than last Thursday's 37.0.",yes,yes,yes,order is in cases but the reason is in units (no unit named) - could confuse the manager
11,a,1239887,2017-07-19,"{""sku_name"": ""item 1239887"", ""abstain"": false, ""recommend_cases"": 1, ""weekday"": ""Wednesday"", ""weekday_avg"": 7.0, ""last_same_weekday"": 9.0}","ORDER 1 case. Recent average 3.4, lower than last week's 9.0.","ORDER 1 case. Wednesdays have averaged 7, lower than last Wednesday's 9.",True,"ORDER 1 case. Wednesdays have averaged 7, lower than last Wednesday's 9.",yes,yes,yes,order is in cases but the reason is in units (no unit named) - could confuse the manager
16,a,1149069,2017-06-20,"{""sku_name"": ""item 1149069"", ""abstain"": false, ""recommend_cases"": 1, ""weekday"": ""Tuesday"", ""weekday_avg"": 11.0, ""last_same_weekday"": 21.0}","ORDER 1 case. Recent average 61.6, higher than last week's 21.0.","ORDER 1 case. Tuesdays have averaged 11, lower than last Tuesday's 21.",True,"ORDER 1 case. Tuesdays have averaged 11, lower than last Tuesday's 21.",yes,yes,yes,order is in cases but the reason is in units (no unit named) - could confuse the manager
13,a,108696,2017-07-04,"{""sku_name"": ""item 108696"", ""abstain"": false, ""recommend_cases"": 1, ""weekday"": ""Tuesday"", ""weekday_avg"": 6.5, ""last_same_weekday"": 7.0}","ORDER 1 case. Recent average 11.4, higher than last week's 7.0.","ORDER 1 case. Tuesdays have averaged 6.5, lower than last Tuesday's 7.0.",True,"ORDER 1 case. Tuesdays have averaged 6.5, lower than last Tuesday's 7.0.",yes,yes,yes,order is in cases but the reason is in units (no unit named) - could confuse the manager
14,a,671051,2017-06-17,"{""sku_name"": ""item 671051"", ""abstain"": false, ""recommend_cases"": 1, ""weekday"": ""Saturday"", ""weekday_avg"": 7.2, ""last_same_weekday"": 6.0}","ORDER 1 case. Recent average 10.0, higher than last week's 6.0.","ORDER 1 case. Saturdays have averaged 7.2, higher than last Saturday's 6.0.",True,"ORDER 1 case. Saturdays have averaged 7.2, higher than last Saturday's 6.0.",yes,yes,yes,order is in cases but the reason is in units (no unit named) - could confuse the manager
101,b,1072167,2017-06-18,"{""sku_name"": ""item 1072167"", ""abstain"": false, ""recommend_cases"": 2, ""weekday"": ""Sunday"", ""weekday_avg"": 13.0, ""last_same_weekday"": 27.0}",,"ORDER 2 cases. Sundays have averaged 13, lower than last Sunday's 27.",True,"ORDER 2 cases. Sundays have averaged 13, lower than last Sunday's 27.",yes,yes,yes,order is in cases but the reason is in units (no unit named) - could confuse the manager
102,b,1149579,2017-06-28,"{""sku_name"": ""item 1149579"", ""abstain"": false, ""recommend_cases"": 1, ""weekday"": ""Wednesday"", ""weekday_avg"": 10.2, ""last_same_weekday"": 9.0}",,"ORDER 1 case. Wednesdays have averaged 10.2, higher than last Wednesday's 9.0.",True,"ORDER 1 case. Wednesdays have averaged 10.2, higher than last Wednesday's 9.0.",yes,yes,yes,order is in cases but the reason is in units (no unit named) - could confuse the manager
103,b,849135,2017-07-27,"{""sku_name"": ""item 849135"", ""abstain"": false, ""recommend_cases"": 1, ""weekday"": ""Thursday"", ""weekday_avg"": 6.0, ""last_same_weekday"": 9.0}",,"ORDER 1 case. Thursdays have averaged 6.0, lower than last Thursday's 9.0.",True,"ORDER 1 case. Thursdays have averaged 6.0, lower than last Thursday's 9.0.",yes,yes,yes,order is in cases but the reason is in units (no unit named) - could confuse the manager
104,b,1179579,2017-06-06,"{""sku_name"": ""item 1179579"", ""abstain"": false, ""recommend_cases"": 1, ""weekday"": ""Tuesday"", ""weekday_avg"": 8.5, ""last_same_weekday"": 12.0}",,"ORDER 1 case. Tuesdays have averaged 8.5, lower than last Tuesday's 12.",True,"ORDER 1 case. Tuesdays have averaged 8.5, lower than last Tuesday's 12.",yes,yes,yes,order is in cases but the reason is in units (no unit named) - could confuse the manager
105,b,319093,2017-07-28,"{""sku_name"": ""item 319093"", ""abstain"": false, ""recommend_cases"": 3, ""weekday"": ""Friday"", ""weekday_avg"": 38.0, ""last_same_weekday"": 44.0}",,"ORDER 3 cases. Fridays have averaged 38, lower than last Friday's 44.",True,"ORDER 3 cases. Fridays have averaged 38, lower than last Friday's 44.",yes,yes,yes,order is in cases but the reason is in units (no unit named) - could confuse the manager
106,b,1239790,2017-05-30,"{""sku_name"": ""item 1239790"", ""abstain"": false, ""recommend_cases"": 2, ""weekday"": ""Tuesday"", ""weekday_avg"": 10.2, ""last_same_weekday"": 0.0}",,"ORDER 2 cases. Tuesdays have averaged 10.2, higher than last Tuesday's 0.0.",True,"ORDER 2 cases. Tuesdays have averaged 10.2, higher than last Tuesday's 0.0.",yes,yes,yes,order is in cases but the reason is in units (no unit named) - could confuse the manager
107,b,1345337,2017-07-17,"{""sku_name"": ""item 1345337"", ""abstain"": false, ""recommend_cases"": 1, ""weekday"": ""Monday"", ""weekday_avg"": 6.0, ""last_same_weekday"": 6.0}",,"ORDER 1 case. Mondays have averaged 6.0, about the same as last Monday's 6.0.",True,"ORDER 1 case. Mondays have averaged 6.0, about the same as last Monday's 6.0.",yes,yes,yes,order is in cases but the reason is in units (no unit named) - could confuse the manager
