case,fact_block,llm_sentence,template_sentence,l1_pass,word_correct,units_labelled,harry_faithful,harry_usable,harry_direction,judge_faithful,judge_usable,judge_direction,judge_reason
12,"{""sku_name"": ""item 617096"", ""abstain"": false, ""recommend_cases"": 4, ""recommend_units"": 48, ""case_pack"": 12, ""weekday"": ""Sunday"", ""weekday_avg"": 37.5, ""last_same_weekday"": 51.0}","ORDER 4 cases. Sundays have averaged 37.5, lower than last Sunday's 51.0.","ORDER 4 cases (48 units). Sundays have averaged 37.5 units, lower than last Sunday's 51.",True,True,True,yes,yes,yes,yes,yes,no,"The reason states Sundays averaged lower usage, which would justify ordering less, but the sentence recommends ordering 4 cases without explaining why this contradicts the downward trend."
15,"{""sku_name"": ""item 882624"", ""abstain"": false, ""recommend_cases"": 3, ""recommend_units"": 36, ""case_pack"": 12, ""weekday"": ""Saturday"", ""weekday_avg"": 34.5, ""last_same_weekday"": 34.0}","ORDER 3 cases. Saturdays have averaged 34.5, about the same as last Saturday's 34.0.","ORDER 3 cases (36 units). Saturdays have averaged 34.5 units, about the same as last Saturday's 34.",True,True,True,yes,yes,yes,yes,yes,yes,"All numbers and comparisons are supported by the fact block, the order leads clearly, and the stable demand justifies the recommended quantity."
17,"{""sku_name"": ""item 557256"", ""abstain"": false, ""recommend_cases"": 4, ""recommend_units"": 48, ""case_pack"": 12, ""weekday"": ""Thursday"", ""weekday_avg"": 39.5, ""last_same_weekday"": 37.0}","ORDER 4 cases. Thursdays have averaged 39.5, higher than last Thursday's 37.0.","ORDER 4 cases (48 units). Thursdays have averaged 39.5 units, about the same as last Thursday's 37.",True,True,True,yes,yes,yes,no,yes,yes,The phrase 'about the same as' is an unsupported comparison word not in the fact block; 39.5 and 37 represent a 2.5-unit difference that shouldn't be characterized as 'about the same'.
11,"{""sku_name"": ""item 1239887"", ""abstain"": false, ""recommend_cases"": 1, ""recommend_units"": 12, ""case_pack"": 12, ""weekday"": ""Wednesday"", ""weekday_avg"": 7.0, ""last_same_weekday"": 9.0}","ORDER 1 case. Wednesdays have averaged 7, lower than last Wednesday's 9.","ORDER 1 case (12 units). Wednesdays have averaged 7 units, lower than last Wednesday's 9.",True,True,True,yes,yes,yes,yes,yes,no,"The reason states Wednesday averages are lower than last Wednesday, which would justify ordering less, but the order is for 1 case (the recommended amount), creating a mismatch between the downward-pointing reason and the maintained order level."
16,"{""sku_name"": ""item 1149069"", ""abstain"": false, ""recommend_cases"": 1, ""recommend_units"": 12, ""case_pack"": 12, ""weekday"": ""Tuesday"", ""weekday_avg"": 11.0, ""last_same_weekday"": 21.0}","ORDER 1 case. Tuesdays have averaged 11, lower than last Tuesday's 21.","ORDER 1 case (12 units). Tuesdays have averaged 11 units, lower than last Tuesday's 21.",True,True,True,yes,yes,yes,yes,yes,no,"The sentence cites lower average usage as the reason for ordering, but the order quantity (12 units) matches the case pack and recommendation, not a reduction that would align with the lower usage trend."
13,"{""sku_name"": ""item 108696"", ""abstain"": false, ""recommend_cases"": 1, ""recommend_units"": 12, ""case_pack"": 12, ""weekday"": ""Tuesday"", ""weekday_avg"": 6.5, ""last_same_weekday"": 7.0}","ORDER 1 case. Tuesdays have averaged 6.5, lower than last Tuesday's 7.0.","ORDER 1 case (12 units). Tuesdays have averaged 6.5 units, about the same as last Tuesday's 7.",True,True,True,yes,yes,yes,yes,yes,yes,"All numbers and comparisons are supported by the fact block, the order leads clearly, and the stable usage justifies ordering the recommended amount."
14,"{""sku_name"": ""item 671051"", ""abstain"": false, ""recommend_cases"": 1, ""recommend_units"": 12, ""case_pack"": 12, ""weekday"": ""Saturday"", ""weekday_avg"": 7.2, ""last_same_weekday"": 6.0}","ORDER 1 case. Saturdays have averaged 7.2, higher than last Saturday's 6.0.","ORDER 1 case (12 units). Saturdays have averaged 7.2 units, higher than last Saturday's 6.",True,True,True,yes,yes,yes,yes,yes,yes,"All numbers and comparisons are supported by the fact block, the sentence is clear and action-oriented, and the reasoning (higher average) supports ordering the recommended amount."
101,"{""sku_name"": ""item 1072167"", ""abstain"": false, ""recommend_cases"": 2, ""recommend_units"": 24, ""case_pack"": 12, ""weekday"": ""Sunday"", ""weekday_avg"": 13.0, ""last_same_weekday"": 27.0}","ORDER 2 cases. Sundays have averaged 13, lower than last Sunday's 27.","ORDER 2 cases (24 units). Sundays have averaged 13 units, lower than last Sunday's 27.",True,True,True,yes,yes,yes,yes,yes,no,"The reason states Sundays averaged lower usage, which would justify ordering less, not the recommended 2 cases."
102,"{""sku_name"": ""item 1149579"", ""abstain"": false, ""recommend_cases"": 1, ""recommend_units"": 12, ""case_pack"": 12, ""weekday"": ""Wednesday"", ""weekday_avg"": 10.2, ""last_same_weekday"": 9.0}","ORDER 1 case. Wednesdays have averaged 10.2, higher than last Wednesday's 9.0.","ORDER 1 case (12 units). Wednesdays have averaged 10.2 units, higher than last Wednesday's 9.",True,True,True,yes,yes,yes,yes,yes,yes,"All numbers and comparisons are supported by the fact block, the order leads clearly, and the reasoning (higher average) supports ordering the recommended amount."
103,"{""sku_name"": ""item 849135"", ""abstain"": false, ""recommend_cases"": 1, ""recommend_units"": 12, ""case_pack"": 12, ""weekday"": ""Thursday"", ""weekday_avg"": 6.0, ""last_same_weekday"": 9.0}","ORDER 1 case. Thursdays have averaged 6.0, lower than last Thursday's 9.0.","ORDER 1 case (12 units). Thursdays have averaged 6 units, lower than last Thursday's 9.",True,True,True,yes,yes,yes,yes,yes,no,"The sentence cites lower average usage as the reason for ordering, but the order quantity (12 units) matches the case pack and recommendation, not a reduced amount, creating a mismatch between stated reason and action."
104,"{""sku_name"": ""item 1179579"", ""abstain"": false, ""recommend_cases"": 1, ""recommend_units"": 12, ""case_pack"": 12, ""weekday"": ""Tuesday"", ""weekday_avg"": 8.5, ""last_same_weekday"": 12.0}","ORDER 1 case. Tuesdays have averaged 8.5, lower than last Tuesday's 12.","ORDER 1 case (12 units). Tuesdays have averaged 8.5 units, lower than last Tuesday's 12.",True,True,True,yes,yes,yes,yes,yes,no,"The reason (lower average and last Tuesday usage) suggests ordering less, but the recommendation is for 1 case, which matches last Tuesday's quantity, creating a contradictory signal."
105,"{""sku_name"": ""item 319093"", ""abstain"": false, ""recommend_cases"": 3, ""recommend_units"": 36, ""case_pack"": 12, ""weekday"": ""Friday"", ""weekday_avg"": 38.0, ""last_same_weekday"": 44.0}","ORDER 3 cases. Fridays have averaged 38, lower than last Friday's 44.","ORDER 3 cases (36 units). Fridays have averaged 38 units, lower than last Friday's 44.",True,True,True,yes,yes,yes,yes,yes,no,"The sentence cites lower average usage as the reason for ordering, but the order (36 units) exceeds both the weekday average (38 units) and last Friday (44 units), creating a directional mismatch."
106,"{""sku_name"": ""item 1239790"", ""abstain"": false, ""recommend_cases"": 2, ""recommend_units"": 24, ""case_pack"": 12, ""weekday"": ""Tuesday"", ""weekday_avg"": 10.2, ""last_same_weekday"": 0.0}","ORDER 2 cases. Tuesdays have averaged 10.2, higher than last Tuesday's 0.0.","ORDER 2 cases (24 units). Tuesdays have averaged 10.2 units, higher than last Tuesday's 0.",True,True,True,yes,yes,yes,no,yes,yes,"The word 'higher' is an unsupported comparison—the fact block shows last Tuesday was 0.0, so 10.2 is higher, but the sentence doesn't clarify this is comparing to an anomalous zero value rather than a typical baseline."
107,"{""sku_name"": ""item 1345337"", ""abstain"": false, ""recommend_cases"": 1, ""recommend_units"": 12, ""case_pack"": 12, ""weekday"": ""Monday"", ""weekday_avg"": 6.0, ""last_same_weekday"": 6.0}","ORDER 1 case. Mondays have averaged 6.0, about the same as last Monday's 6.0.","ORDER 1 case (12 units). Mondays have averaged 6 units, about the same as last Monday's 6.",True,True,True,yes,yes,yes,yes,yes,yes,"All numbers and comparisons are directly supported by the fact block, the order is stated clearly upfront, and the stable usage pattern justifies the recommended order quantity."
